<?xml version="1.0" encoding="UTF-8"?>
<metadata><idinfo><ptcontac><cntinfo><hours>9 am to 5 pm</hours><cntorgp><cntorg>City of Philadelphia, Department of Streets</cntorg><cntper>U. S. Grant Ervin</cntper></cntorgp><cntaddr><addrtype>mailing and physical address</addrtype><address>1401 JFK Blvd</address><city>Philadelphia</city><state>Pennsylvania</state><postal>19102</postal><country>USA</country></cntaddr><cntvoice>215-686-5080</cntvoice><cntpos>GIS Manager</cntpos><cntfax>215-686-5182</cntfax><cntemail>grant.ervin@phila.gov</cntemail></cntinfo></ptcontac><accconst>City of Philadelphia employees and those granted permission.</accconst><descript><abstract>The street centerline represents streets and walkways dedicated to the city, some private streets and walkways, and additional segments not meeting either classification. All street segments lie generally within the boundaries of the City of Philadelphia. Each street segment has a unique identifier attribute.</abstract><purpose>Used citywide as base layer for many purposes/applications. The street centerline is available for reference purposes only and does not represent exact engineering specifiactions. The Philadelphia Streets Department makes no guarantees as to the accuracy of the layer.
Last updated 7/16/2012</purpose></descript><citation><citeinfo><pubinfo><publish>City of Philadelphia, Department of Streets</publish><pubplace>Philadelphia, Pennsylvania</pubplace></pubinfo><lworkcit><citeinfo><pubinfo><pubplace>Philadelphia, Pennsylvania</pubplace><publish>City of Philadelphia, Department of Streets</publish></pubinfo></citeinfo></lworkcit><onlink>Server=geodb2.phila.gov; Service=esri_sde; User=gis_streets; Version=SDE.DEFAULT</onlink><origin>Philadelphia Planning Commission</origin><pubdate>1998</pubdate><title>GIS_STREETS.Street_Centerline</title><geoform>vector digital data</geoform></citeinfo></citation><status><progress>Complete</progress><update>As needed</update></status><keywords><place><placekey>Philadelphia</placekey><placekey>Philly</placekey><placekey>South East PA</placekey><placekey>South East Pennsylvania</placekey><placekey>Southeastern PA</placekey><placekey>Southeastern Pennsylvania</placekey><placekey>Delaware Valley</placekey><placekey>Philadelphia County</placekey></place><theme><themekey>Transportation</themekey><themekt>Streets Department</themekt></theme></keywords><crossref><citeinfo><pubinfo><pubplace>Philadelphia, Pennsylvania</pubplace><publish>City of Philadelphia, Department of Streets</publish></pubinfo><lworkcit><citeinfo><pubinfo><pubplace>Philadelphia, Pennsylvania</pubplace><publish>City of Philadelphia, Department of Streets</publish></pubinfo></citeinfo></lworkcit><title>None</title></citeinfo></crossref><timeperd><timeinfo><sngdate><caldate>20061002</caldate></sngdate></timeinfo><current>20061002</current></timeperd><useconst>None</useconst><secinfo><secsys>No security considerations</secsys><secclass>Unclassified</secclass></secinfo><native>Microsoft Windows 2000 Version 5.2 (Build 3790) Service Pack 2; ESRI ArcCatalog 9.3.1.3500</native><spdom><bounding><westbc>-75.284731</westbc><eastbc>-74.955718</eastbc><northbc>40.144326</northbc><southbc>39.868042</southbc></bounding></spdom></idinfo><metainfo><metd>20130110</metd><metstdn>FGDC Content Standards for Digital Geospatial Metadata</metstdn><mettc>local time</mettc><metc><cntinfo><cntperp><cntper>U.S. Grant Ervin</cntper><cntorg>City of Philadelphia, Department of Streets</cntorg></cntperp><cntpos>GIS Manager</cntpos><cntaddr><addrtype>mailing and physical address</addrtype><address>1401 JFK Blvd</address><city>Philadelphia</city><state>Pennsylvania</state><postal>19102</postal><country>USA</country></cntaddr><cntvoice>215-686-5080</cntvoice><cntfax>215-686-5182</cntfax><cntemail>grant.ervin@phila.gov</cntemail><hours>9 am to 5 pm</hours></cntinfo></metc><metsi><metsc>Unclassified</metsc><metscs>No security considerations</metscs></metsi><metrd>20061020</metrd><metfrd>20060420</metfrd><metac>None</metac><metuc>None</metuc><metstdv>FGDC-STD-001-1998</metstdv></metainfo><mdDateSt>20130114</mdDateSt><distinfo><custom>See Standard Order Proces.</custom><distrib><cntinfo><cntperp><cntper>Brian Ivey</cntper><cntorg>MOIS-GIS Services Group</cntorg></cntperp><cntpos>GIS Specialist</cntpos><cntvoice>215-686-8287</cntvoice><cntemail>brian.ivey@phila.gov</cntemail><cntaddr><addrtype>mailing address</addrtype><address>1234 Market Street, 15th Floor</address><city>Philadelphia</city><state>PA</state><postal>19119</postal><country>USA</country></cntaddr><cntfax>215-686-8143</cntfax><hours>9 am to 5 pm</hours></cntinfo></distrib><distliab>The City of Philadelphia makes no warranty or representation, express or implied, with respect to the quality, content, accuracy, completeness, currency, freedom from computer virus, or non-infringement of proprietary rights, of any of the design, information, text, graphics, images, pages, interfaces, links, software, or other materials and items contained in this dataset.  All such items and materials are provided on an
"as is" basis, and you are fully and solely responsible for your use of them and for any results or consequences of your use.  They have been compiled from a variety of sources, including sources beyond the control of the City of Philadelphia and, and are subject to change without notice from the City of Philadelphia.  Commercial use is prohibited without the prior written permission of the City of Philadelphia.  In no event shall the City of Philadelphia or their agencies, officers, employees, agents, or representatives, be liable for any direct, indirect, special, punitive,
incidental, exemplary or consequential damages arising your accessing or using this data, or otherwise arising from the data or from anything contained in or displayed in this data.  Nothing contained in or displayed in this data constitutes or is intended to constitute legal advice by the City of Philadelphia or any of their agencies, officers, employees, agents or representatives. These terms and conditions and all disputes arising under these terms and conditions shall be governed, construed and decided in accordance with the laws of the Commonwealth of Pennsylvania. The City of Philadelphia reserves the right to revise and change these terms and conditions at anytime and without any notice.</distliab><stdorder><ordering>NOTE: Use this template as a guide to construct your letter requesting City of Philadelphia GIS data.  The letter must be on your organization's letterhead, signed by an officer of the corporation/organization, and must include all information requested below.  Please pay close attention to items in &lt;bold and underlined&gt; and provide data requested in &lt;brackets&gt;.  You will be asked to resubmit your request if all of the requested information is not included.  In the event that the requestor is a contractor using the requested data as part of a contract with the City of Philadelphia, request shall reference the City department for which the work is being done. Please direct your request to:

City of Philadelphia - MOIS
GIS Services Group
1234 Market St., 15th Floor
Philadelphia, PA  19107
Attn:  Brian Ivey
****************************

&lt;XYZ COMPANY&gt; is requesting a portion of the City of Philadelphia's GIS database &lt;IDENTIFY COVERAGES OR DATA LAYERS REQUESTED&gt; for use in &lt;PROJECT DESCRIPTION&gt; for &lt;DEPARTMENT/AGENCY NAME&gt;.  The target area is bounded by &lt;PROJECT BOUNDARIES&gt;.

&lt;XYZ COMPANY&gt; confirms that it will abide by the following conditions for use of this data.  &lt;XYZ COMPANY&gt; will use this database solely in connection with the project described above.  For the purpose of any data displayed on a public web site, &lt;XYZ COMPANY&gt; will remove any attribution from the data that will possibly identify it as being the City of Philadelphia.  The database will be deleted from any electronic storage media in possession of XYZ COMPANY at the completion of the project and the CD on which it is delivered will be returned to the Mayor's Office of Information Services.  Printed maps or reports of any kind displaying data from this database will be presented only to the participating &lt;NEIGHBORHOODS, CITY AGENCIES, PROJECT COMMITTEES, OTHERWISE APPROPRIATE RECEPIENTS&gt; and only in connection with this project. Display materials generated from this database will not be used on any other project nor for demo or promotional use even if the audience is a City agency unless &lt;XYZ COMPANY&gt; has obtained a prior written agreement from the Mayor's Office of Information Services.

&lt;XYZ Company&gt;will not re-distribute the data in digital format to anyone for any purpose. 

All persons associated with &lt;XYZ COMPANY&gt; with access to this database will be informed that it is the property of the City of Philadelphia and advised of the terms under which &lt;XYZ COMPANY&gt; has agreed to its use.   

This database was specified to be built according to National Map Accuracy Standards for 1:2400 scale maps, but &lt;XYZ COMPANY&gt; acknowledges that the City makes no representation about the accuracy of any specific information &lt;XYZ  COMPANY&gt; has requested.  &lt;XYZ COMPANY&gt; will assume complete responsibility for any and all occurrences resulting from &lt;XYZ COMPANY'S&gt; use or display of this database.

&lt;Signature by Officer of the Corporation/Organization&gt;
</ordering><fees>None, unless otherwise specified</fees><digform><digtinfo><transize>3.878</transize></digtinfo></digform></stdorder><availabl><timeinfo><sngdate><caldate>unknown</caldate><time>unknown</time></sngdate></timeinfo></availabl><resdesc>Downloadable Data. </resdesc><techpreq>ArcView, ArcInfo, or ArcGIS</techpreq></distinfo><spref><horizsys><geodetic><horizdn>North American Datum of 1983</horizdn><ellips>Geodetic Reference System 80</ellips><semiaxis>6378137.000000</semiaxis><denflat>298.257222</denflat></geodetic><planar><planci><plance>coordinate pair</plance><plandu>survey feet</plandu><coordrep><absres>0.000048</absres><ordres>0.000048</ordres></coordrep></planci></planar></horizsys><vertdef><altsys><altenc>Explicit elevation coordinate included with horizontal coordinates</altenc><altres>1.000000</altres></altsys></vertdef></spref><distInfo><distributor><distorTran><onLineSrc><linkage>Server=geodb2.phila.gov; Service=esri_sde; User=gis_streets; Version=SDE.DEFAULT</linkage><protocol>ArcSDE Connection</protocol><orDesc>002</orDesc></onLineSrc><transSize>3.878</transSize></distorTran><distorFormat><formatName>SDE Feature Class</formatName></distorFormat></distributor><distFormat><formatName>SDE Feature Class</formatName></distFormat><distTranOps><transSize Sync="TRUE">3.939</transSize></distTranOps></distInfo><dataqual><lineage><procstep><procdesc>Street centerline originated with the Philadlephia Planning Commision. They used the TIGER file, positionally rectified to the center 1/3rd of the cartway. The centerline is constantly updated from information from the streets department, various other city departments and field observations.</procdesc><srcused>D:\gis_common\Metadata\Template</srcused><date>20041020</date><time>14170100</time><proccont><cntinfo><cntperp><cntper>U.S. Grant Ervin</cntper><cntorg>City of Philadelphia, Department of Streets</cntorg></cntperp><cntaddr><addrtype>mailing and physical address</addrtype><address>1401 JFK Blvd</address><city>Philadelphia</city><state>Pennsylvania</state><postal>19102</postal><country>USA</country></cntaddr><cntvoice>215-686-5080</cntvoice><cntfax>215-686-5182</cntfax><cntemail>grant.ervin@phila.gov</cntemail><hours>9 am to 5 pm</hours><cntpos>GIS Manager</cntpos></cntinfo></proccont><procdate>1998</procdate></procstep><srcinfo><srccite><citeinfo><pubinfo><pubplace>Philadelphia, Pennsylvania</pubplace><publish>City of Philadelphia, Department of Streets</publish></pubinfo><lworkcit><citeinfo><pubinfo><pubplace>Philadelphia, Pennsylvania</pubplace><publish>City of Philadelphia, Department of Streets</publish></pubinfo></citeinfo></lworkcit></citeinfo></srccite><srctime><timeinfo><sngdate><caldate>20061002</caldate><time>unknown</time></sngdate></timeinfo><srccurr>20061002</srccurr></srctime><srccitea>US Census Department TIGER files</srccitea></srcinfo><procstep><procdesc>Dataset copied.</procdesc><date>20050824</date><time>10533800</time></procstep><procstep><procdesc>Metadata imported.</procdesc><srcused>E:\gis_data\Metadata\Streets_Template.xml</srcused><date>20051115</date><time>16060200</time></procstep><procstep><procdesc>Metadata imported.</procdesc><srcused>E:\gis_data\Metadata\streetcl.xml</srcused><date>20061020</date><time>17343800</time></procstep><procstep><procdesc>Metadata imported.</procdesc><srcused>E:\gis_data\Metadata\streetcl.xml</srcused><date>20061025</date><time>14492600</time></procstep></lineage><attracc><attraccr>The street centerline is regarded as a highly accurate layer. Though spatial and attribute accuracy of the layer is improving constantly, no guarantees can be made on on its accuracy. It is to be used for reference purposes only.</attraccr></attracc></dataqual><eainfo><detailed Name="PhiladelphiaStreetCenterlines201302"><enttyp><enttypl>GIS_STREETS.Street_Centerline</enttypl><enttypd>Attributes of Street Centerlines</enttypd><enttypt Sync="TRUE">Feature Class</enttypt><enttypc Sync="TRUE">40853</enttypc></enttyp><attr><attrlabl Sync="TRUE">SHAPE_LEN</attrlabl><attalias Sync="TRUE">FID</attalias><attrtype Sync="TRUE">OID</attrtype><attwidth Sync="TRUE">4</attwidth><atprecis Sync="TRUE">0</atprecis><attscale Sync="TRUE">0</attscale><attrdef Sync="TRUE">Internal feature number.</attrdef><attrdefs Sync="TRUE">ESRI</attrdefs><attrdomv><udom Sync="TRUE">Sequential unique whole numbers that are automatically generated.</udom></attrdomv></attr><attr><attrlabl>SHAPE</attrlabl><attrdef>Feature geometry.</attrdef><attrdefs>ESRI</attrdefs><attrdomv><udom>Coordinates defining the features.</udom></attrdomv><attalias Sync="TRUE">Shape</attalias><attrtype Sync="TRUE">Geometry</attrtype><attwidth Sync="TRUE">0</attwidth><atprecis Sync="TRUE">0</atprecis><attscale Sync="TRUE">0</attscale></attr><attr><attrlabl>Shape</attrlabl><attrdef>Feature geometry.</attrdef><attrdefs>ESRI</attrdefs><attrdomv><udom>Coordinates defining the features.</udom></attrdomv><attalias Sync="TRUE">FNODE_</attalias><attrtype Sync="TRUE">Double</attrtype><attwidth Sync="TRUE">11</attwidth><atprecis Sync="TRUE">11</atprecis><attscale Sync="TRUE">0</attscale></attr><attr><attrlabl>FNODE_</attrlabl><attrdef>Node_id of node at "from" end of arc</attrdef><attalias Sync="TRUE">TNODE_</attalias><attrtype Sync="TRUE">Double</attrtype><attwidth Sync="TRUE">11</attwidth><atprecis Sync="TRUE">11</atprecis><attscale Sync="TRUE">0</attscale></attr><attr><attrlabl>TNODE_</attrlabl><attrdef>Node_id of node at "to" end of arc</attrdef><attalias Sync="TRUE">LPOLY_</attalias><attrtype Sync="TRUE">Double</attrtype><attwidth Sync="TRUE">11</attwidth><atprecis Sync="TRUE">11</atprecis><attscale Sync="TRUE">0</attscale></attr><attr><attrlabl>LPOLY_</attrlabl><attalias Sync="TRUE">RPOLY_</attalias><attrtype Sync="TRUE">Double</attrtype><attwidth Sync="TRUE">11</attwidth><atprecis Sync="TRUE">11</atprecis><attscale Sync="TRUE">0</attscale></attr><attr><attrlabl>RPOLY_</attrlabl><attalias Sync="TRUE">LENGTH</attalias><attrtype Sync="TRUE">Double</attrtype><attwidth Sync="TRUE">19</attwidth><atprecis Sync="TRUE">18</atprecis><attscale Sync="TRUE">5</attscale></attr><attr><attrlabl>LENGTH</attrlabl><attrdef>Length of arc in feet</attrdef><attalias Sync="TRUE">STCL2_</attalias><attrtype Sync="TRUE">Double</attrtype><attwidth Sync="TRUE">11</attwidth><atprecis Sync="TRUE">11</atprecis><attscale Sync="TRUE">0</attscale></attr><attr><attrlabl>STCL2_</attrlabl><attrdef>System-assigned attribute</attrdef><attalias Sync="TRUE">STCL2_ID</attalias><attrtype Sync="TRUE">Double</attrtype><attwidth Sync="TRUE">11</attwidth><atprecis Sync="TRUE">11</atprecis><attscale Sync="TRUE">0</attscale></attr><attr><attrlabl>STCL2_ID</attrlabl><attrdef>System-assigned attribute</attrdef><attalias Sync="TRUE">PRE_DIR</attalias><attrtype Sync="TRUE">String</attrtype><attwidth Sync="TRUE">2</attwidth><atprecis Sync="TRUE">0</atprecis><attscale Sync="TRUE">0</attscale></attr><attr><attrlabl>PRE_DIR</attrlabl><attrdef>Directional prefix of complete street name</attrdef><attalias Sync="TRUE">ST_NAME</attalias><attrtype Sync="TRUE">String</attrtype><attwidth Sync="TRUE">30</attwidth><atprecis Sync="TRUE">0</atprecis><attscale Sync="TRUE">0</attscale></attr><attr><attrlabl>ST_NAME</attrlabl><attrdef>Street name</attrdef><attalias Sync="TRUE">ST_TYPE</attalias><attrtype Sync="TRUE">String</attrtype><attwidth Sync="TRUE">4</attwidth><atprecis Sync="TRUE">0</atprecis><attscale Sync="TRUE">0</attscale></attr><attr><attrlabl>ST_TYPE</attrlabl><attrdef>Street type designation</attrdef><attalias Sync="TRUE">SUF_DIR</attalias><attrtype Sync="TRUE">String</attrtype><attwidth Sync="TRUE">5</attwidth><atprecis Sync="TRUE">0</atprecis><attscale Sync="TRUE">0</attscale></attr><attr><attrlabl>SUF_DIR</attrlabl><attrdef>Directional suffix of complete street name</attrdef><attalias Sync="TRUE">ZIP_LEFT</attalias><attrtype Sync="TRUE">Integer</attrtype><attwidth Sync="TRUE">5</attwidth><atprecis Sync="TRUE">5</atprecis><attscale Sync="TRUE">0</attscale></attr><attr><attrlabl>ZIP_LEFT</attrlabl><attrdef>Zip code on left side of arc</attrdef><attalias Sync="TRUE">ZIP_RIGHT</attalias><attrtype Sync="TRUE">Integer</attrtype><attwidth Sync="TRUE">5</attwidth><atprecis Sync="TRUE">5</atprecis><attscale Sync="TRUE">0</attscale></attr><attr><attrlabl>ZIP_RIGHT</attrlabl><attrdef>Zip code on right side of arc</attrdef><attalias Sync="TRUE">L_F_ADD</attalias><attrtype Sync="TRUE">Integer</attrtype><attwidth Sync="TRUE">6</attwidth><atprecis Sync="TRUE">6</atprecis><attscale Sync="TRUE">0</attscale></attr><attr><attrlabl>L_F_ADD</attrlabl><attrdef>"From" address attribute on left side of arc</attrdef><attalias Sync="TRUE">L_T_ADD</attalias><attrtype Sync="TRUE">Integer</attrtype><attwidth Sync="TRUE">6</attwidth><atprecis Sync="TRUE">6</atprecis><attscale Sync="TRUE">0</attscale></attr><attr><attrlabl>L_T_ADD</attrlabl><attrdef>"To" address attribute on left side of arc</attrdef><attalias Sync="TRUE">R_F_ADD</attalias><attrtype Sync="TRUE">Integer</attrtype><attwidth Sync="TRUE">6</attwidth><atprecis Sync="TRUE">6</atprecis><attscale Sync="TRUE">0</attscale></attr><attr><attrlabl>R_F_ADD</attrlabl><attrdef>"From" address attribute on right side of arc</attrdef><attalias Sync="TRUE">R_T_ADD</attalias><attrtype Sync="TRUE">Integer</attrtype><attwidth Sync="TRUE">6</attwidth><atprecis Sync="TRUE">6</atprecis><attscale Sync="TRUE">0</attscale></attr><attr><attrlabl>R_T_ADD</attrlabl><attrdef>"To" address attribute on right side of arc</attrdef><attalias Sync="TRUE">ST_CODE</attalias><attrtype Sync="TRUE">Integer</attrtype><attwidth Sync="TRUE">5</attwidth><atprecis Sync="TRUE">5</atprecis><attscale Sync="TRUE">0</attscale></attr><attr><attrlabl>ST_CODE</attrlabl><attrdef>street code</attrdef><attalias Sync="TRUE">L_HUNDRED</attalias><attrtype Sync="TRUE">Integer</attrtype><attwidth Sync="TRUE">6</attwidth><atprecis Sync="TRUE">6</atprecis><attscale Sync="TRUE">0</attscale></attr><attr><attrlabl>L_HUNDRED</attrlabl><attrdef>address hundred block on left side of arc</attrdef><attalias Sync="TRUE">R_HUNDRED</attalias><attrtype Sync="TRUE">Integer</attrtype><attwidth Sync="TRUE">6</attwidth><atprecis Sync="TRUE">6</atprecis><attscale Sync="TRUE">0</attscale></attr><attr><attrlabl>R_HUNDRED</attrlabl><attrdef>address hundred block on right side of arc</attrdef><attalias Sync="TRUE">SEG_ID</attalias><attrtype Sync="TRUE">Integer</attrtype><attwidth Sync="TRUE">7</attwidth><atprecis Sync="TRUE">7</atprecis><attscale Sync="TRUE">0</attscale></attr><attr><attrlabl>SEG_ID</attrlabl><attrdef>unique identifier of arc</attrdef><attalias Sync="TRUE">ONEWAY</attalias><attrtype Sync="TRUE">String</attrtype><attwidth Sync="TRUE">2</attwidth><atprecis Sync="TRUE">0</atprecis><attscale Sync="TRUE">0</attscale></attr><attr><attrlabl>ONEWAY</attrlabl><attrdef>Denotes travel direction of arc in conjunction with arc direction</attrdef><attalias Sync="TRUE">STNAME</attalias><attrtype Sync="TRUE">String</attrtype><attwidth Sync="TRUE">30</attwidth><atprecis Sync="TRUE">0</atprecis><attscale Sync="TRUE">0</attscale></attr><attr><attrlabl>STNAME</attrlabl><attrdef>Concatenated field consisting of Pre_dir, St_name, St_type, Suf_dir items</attrdef><attalias Sync="TRUE">CLASS</attalias><attrtype Sync="TRUE">SmallInteger</attrtype><attwidth Sync="TRUE">2</attwidth><atprecis Sync="TRUE">2</atprecis><attscale Sync="TRUE">0</attscale></attr><attr><attrlabl>CLASS</attrlabl><attrdef>Street class of arc; 1-Expressways; 2-Major Arterial; 3-Minor Arterial; 4-Collector; 5-Local</attrdef><attalias Sync="TRUE">RESPONSIBL</attalias><attrtype Sync="TRUE">String</attrtype><attwidth Sync="TRUE">15</attwidth><atprecis Sync="TRUE">0</atprecis><attscale Sync="TRUE">0</attscale></attr><attr><attrlabl>RESPONSIBL</attrlabl><attrdef>Responsibility of street arc</attrdef><attalias Sync="TRUE">NEWSEGDATE</attalias><attrtype Sync="TRUE">Date</attrtype><attwidth Sync="TRUE">8</attwidth><atprecis Sync="TRUE">0</atprecis><attscale Sync="TRUE">0</attscale></attr><attr><attrlabl>NEWSEGDATE</attrlabl><attrdef>Date that seg_id value was assigned, if not original value</attrdef><attrdefs>ESRI</attrdefs><attrdomv><udom>Sequential unique whole numbers that are automatically generated.</udom></attrdomv><attalias Sync="TRUE">OBJECTID</attalias><attrtype Sync="TRUE">Double</attrtype><attwidth Sync="TRUE">10</attwidth><atprecis Sync="TRUE">10</atprecis><attscale Sync="TRUE">0</attscale></attr><attr><attrlabl>OBJECTID</attrlabl><attrdef>Internal feature number.</attrdef><attrdefs>ESRI</attrdefs><attrdomv><udom>Sequential unique whole numbers that are automatically generated.</udom></attrdomv><attalias Sync="TRUE">UPDATE_</attalias><attrtype Sync="TRUE">Date</attrtype><attwidth Sync="TRUE">8</attwidth><atprecis Sync="TRUE">0</atprecis><attscale Sync="TRUE">0</attscale></attr><attr><attrlabl>UPDATE_</attrlabl><attalias Sync="TRUE">MULTI_REP</attalias><attrtype Sync="TRUE">SmallInteger</attrtype><attwidth Sync="TRUE">2</attwidth><atprecis Sync="TRUE">2</atprecis><attscale Sync="TRUE">0</attscale></attr><attr><attrlabl>MULTI_REP</attrlabl><attrdef>Multiple representations-arc count for streets represented by multiple arcs </attrdef><attrdefs>ESRI</attrdefs><attrdomv><udom>Coordinates defining the features.</udom></attrdomv><attalias Sync="TRUE">SHAPE_LEN</attalias><attrtype Sync="TRUE">Double</attrtype><attwidth Sync="TRUE">19</attwidth><atprecis Sync="TRUE">0</atprecis><attscale Sync="TRUE">0</attscale></attr></detailed><overview><eaover>Administrative and geographic attributes for the Philadelphia centerline.</eaover></overview></eainfo><dataIdInfo><envirDesc>Microsoft Windows Server 2003 Version 5.2 (Build 3790) Service Pack 2; ESRI ArcGIS 10.0.5.4400</envirDesc><dataLang><languageCode value="en"/><countryCode value="US"/></dataLang><idCitation><resTitle>GIS_STREETS.Street_Centerline</resTitle><presForm><PresFormCd value="005"/></presForm></idCitation><spatRpType><SpatRepTypCd value="001"/></spatRpType><dataExt><geoEle><GeoBndBox esriExtentType="native"><westBL>2660348.381632</westBL><eastBL>2749637.216123</eastBL><northBL>305128.727116</northBL><southBL>207097.928284</southBL><exTypeCode>1</exTypeCode></GeoBndBox></geoEle></dataExt><dataExt><geoEle><GeoBndBox esriExtentType="search"><westBL>-75.284731</westBL><eastBL>-74.955718</eastBL><northBL>40.144326</northBL><southBL>39.868042</southBL><exTypeCode>1</exTypeCode></GeoBndBox></geoEle></dataExt><geoBox esriExtentType="decdegrees"><westBL>-75.284731</westBL><eastBL>-74.955718</eastBL><northBL>40.144326</northBL><southBL>39.868042</southBL><exTypeCode>1</exTypeCode></geoBox><idPurp>Used citywide as base layer for many purposes/applications. The street centerline is available for reference purposes only and does not represent exact engineering specifiactions. The Philadelphia Streets Department makes no guarantees as to the accuracy of the layer.
Features Updated: 11/29/2012
Attributes Updated: 11/29/2012
Metadata Updated: 01/14/2013
Update Frequency: every two months</idPurp><idAbs>&lt;DIV STYLE="text-align:Left;"&gt;&lt;DIV&gt;&lt;DIV&gt;&lt;P&gt;&lt;SPAN&gt;The street centerline represents streets and walkways dedicated to the city, some private streets and walkways, and additional segments not meeting either classification. All street segments lie generally within the boundaries of the City of Philadelphia. Each street segment has a unique identifier attribute.&lt;/SPAN&gt;&lt;/P&gt;&lt;P&gt;&lt;SPAN STYLE="font-weight:bold;"&gt;Data Development:&lt;/SPAN&gt;&lt;/P&gt;&lt;P&gt;&lt;SPAN&gt;The centerline is updated when city plan makes a change in there records. Also if the traffic engineering group can make or see a change that the centerline would need upating from .&lt;/SPAN&gt;&lt;/P&gt;&lt;P&gt;&lt;SPAN STYLE="font-weight:bold;"&gt;Key Attribute Fields:&lt;/SPAN&gt;&lt;SPAN /&gt;&lt;/P&gt;&lt;P&gt;&lt;SPAN STYLE="font-size:8pt"&gt;PRE_DIR-&lt;/SPAN&gt;&lt;SPAN STYLE="font-size:12pt"&gt;Directional prefix of complete street name &lt;/SPAN&gt;&lt;/P&gt;&lt;P&gt;&lt;SPAN STYLE="font-size:8pt"&gt;ST_NAME-&lt;/SPAN&gt;&lt;SPAN STYLE="font-size:12pt"&gt;Street name &lt;/SPAN&gt;&lt;/P&gt;&lt;P&gt;&lt;SPAN STYLE="font-size:8pt"&gt;ST_TYPE-&lt;/SPAN&gt;&lt;SPAN STYLE="font-size:12pt"&gt;Street type designation &lt;/SPAN&gt;&lt;/P&gt;&lt;P&gt;&lt;SPAN STYLE="font-size:8pt"&gt;SUF_DIR-&lt;/SPAN&gt;&lt;SPAN STYLE="font-size:12pt"&gt;Directional suffix of complete street name &lt;/SPAN&gt;&lt;/P&gt;&lt;P&gt;&lt;SPAN STYLE="font-size:8pt"&gt;ZIP_LEFT-&lt;/SPAN&gt;&lt;SPAN STYLE="font-size:12pt"&gt;Zip code on left side of arc &lt;/SPAN&gt;&lt;/P&gt;&lt;P&gt;&lt;SPAN STYLE="font-size:8pt"&gt;ZIP_RIGHT-&lt;/SPAN&gt;&lt;SPAN STYLE="font-size:12pt"&gt;Zip code on right side of arc &lt;/SPAN&gt;&lt;/P&gt;&lt;P&gt;&lt;SPAN STYLE="font-size:8pt"&gt;L_F_ADD-&lt;/SPAN&gt;&lt;SPAN STYLE="font-size:12pt"&gt;"From" address attribute on left side of arc &lt;/SPAN&gt;&lt;/P&gt;&lt;P&gt;&lt;SPAN STYLE="font-size:8pt"&gt;L_T_ADD-&lt;/SPAN&gt;&lt;SPAN STYLE="font-size:12pt"&gt;"To" address attribute on left side of arc &lt;/SPAN&gt;&lt;/P&gt;&lt;P&gt;&lt;SPAN STYLE="font-size:8pt"&gt;R_F_ADD-&lt;/SPAN&gt;&lt;SPAN STYLE="font-size:12pt"&gt;"From" address attribute on right side of arc &lt;/SPAN&gt;&lt;/P&gt;&lt;P&gt;&lt;SPAN STYLE="font-size:8pt"&gt;R_T_ADD-&lt;/SPAN&gt;&lt;SPAN STYLE="font-size:12pt"&gt;"To" address attribute on right side of arc &lt;/SPAN&gt;&lt;/P&gt;&lt;P&gt;&lt;SPAN STYLE="font-size:8pt"&gt;ST_CODE-&lt;/SPAN&gt;&lt;SPAN STYLE="font-size:12pt"&gt;street code &lt;/SPAN&gt;&lt;/P&gt;&lt;P&gt;&lt;SPAN STYLE="font-size:8pt"&gt;L_HUNDRED-&lt;/SPAN&gt;&lt;SPAN STYLE="font-size:12pt"&gt;address hundred block on left side of arc &lt;/SPAN&gt;&lt;/P&gt;&lt;P&gt;&lt;SPAN STYLE="font-size:8pt"&gt;R_HUNDRED-&lt;/SPAN&gt;&lt;SPAN STYLE="font-size:12pt"&gt;address hundred block on right side of arc &lt;/SPAN&gt;&lt;/P&gt;&lt;P&gt;&lt;SPAN STYLE="font-size:8pt"&gt;SEG_ID-&lt;/SPAN&gt;&lt;SPAN STYLE="font-size:12pt"&gt;unique identifier of arc &lt;/SPAN&gt;&lt;/P&gt;&lt;P&gt;&lt;SPAN STYLE="font-size:8pt"&gt;ONEWAY-&lt;/SPAN&gt;&lt;SPAN STYLE="font-size:12pt"&gt;Denotes travel direction of arc in conjunction with arc direction &lt;/SPAN&gt;&lt;/P&gt;&lt;P&gt;&lt;SPAN STYLE="font-size:8pt"&gt;STNAME-&lt;/SPAN&gt;&lt;SPAN STYLE="font-size:12pt"&gt;Concatenated field consisting of Pre_dir, St_name, St_type, Suf_dir items &lt;/SPAN&gt;&lt;/P&gt;&lt;P&gt;&lt;SPAN STYLE="font-size:8pt"&gt;CLASS-&lt;/SPAN&gt;&lt;SPAN STYLE="font-size:12pt"&gt;Street class of arc; 1-Expressways; 2-Major Arterial; 3-Minor Arterial; 4-Collector; 5-Local &lt;/SPAN&gt;&lt;/P&gt;&lt;P&gt;&lt;SPAN STYLE="font-size:8pt"&gt;RESPONSIBL-&lt;/SPAN&gt;&lt;SPAN STYLE="font-size:12pt"&gt;Responsibility of street arc &lt;/SPAN&gt;&lt;/P&gt;&lt;P /&gt;&lt;P&gt;&lt;SPAN STYLE="font-weight:bold;"&gt;Coordinate System:&lt;/SPAN&gt;&lt;/P&gt;&lt;P&gt;&lt;SPAN STYLE="font-size:10pt"&gt;Lambert Conformal Conic, NAD83, PA South Stateplane coordinates, US Foot.&lt;/SPAN&gt;&lt;/P&gt;&lt;P&gt;&lt;SPAN /&gt;&lt;/P&gt;&lt;/DIV&gt;&lt;/DIV&gt;&lt;/DIV&gt;</idAbs><searchKeys><keyword>Transportation</keyword><keyword>Streets</keyword></searchKeys><resConst><Consts><useLimit>&lt;DIV STYLE="text-align:Left;"&gt;&lt;DIV&gt;&lt;DIV&gt;&lt;P STYLE="margin:0 0 0 0;"&gt;&lt;SPAN&gt;The City of Philadelphia makes no representation about the accuracy of any specific information in this GIS data and is provided “as is” and without Warranty of any kind. Boundaries are self-reported. The user of this data will assume complete responsibility for any and all occurrences resulting from its use or display and will hold the City of Philadelphia harmless from any and all claims, demands, liabilities, obligations, damages, suits, judgments or settlements, including reasonable costs and attorneys' fees, that arise from use of this data.&lt;/SPAN&gt;&lt;/P&gt;&lt;P&gt;&lt;SPAN /&gt;&lt;/P&gt;&lt;/DIV&gt;&lt;/DIV&gt;&lt;/DIV&gt;</useLimit></Consts></resConst><idCredit>Andy Mehos, GIS Manager, Streets Department/Office of Innovation and Technology, City of Philadelphia, 880 MSB, Philadelphia, PA 19102;  andy.mehos@phila.gov; 215-686-5186

</idCredit></dataIdInfo><mdLang><languageCode value="en"/><countryCode value="US"/></mdLang><mdChar><CharSetCd value="004"/></mdChar><mdHrLv><ScopeCd value="005"/></mdHrLv><mdHrLvName>dataset</mdHrLvName><spdoinfo><direct>Vector</direct><ptvctinf><esriterm><efeatyp Sync="TRUE">Simple</efeatyp><efeageom code="3" Sync="TRUE"></efeageom><esritopo Sync="TRUE">FALSE</esritopo><efeacnt Sync="TRUE">40853</efeacnt><spindex Sync="TRUE">TRUE</spindex><linrefer Sync="TRUE">FALSE</linrefer></esriterm></ptvctinf></spdoinfo><refSysInfo><RefSystem><refSysID><identCode value="2272">NAD_1983_StatePlane_Pennsylvania_South_FIPS_3702_Feet</identCode><idCodeSpace>EPSG</idCodeSpace><idVersion>7.4.1</idVersion></refSysID></RefSystem></refSysInfo><spatRepInfo><VectSpatRep><geometObjs Name="PhiladelphiaStreetCenterlines201302"><geoObjTyp><GeoObjTypCd value="002" Sync="TRUE"></GeoObjTypCd></geoObjTyp><geoObjCnt Sync="TRUE">40853</geoObjCnt></geometObjs><topLvl><TopoLevCd value="001" Sync="TRUE"></TopoLevCd></topLvl></VectSpatRep></spatRepInfo><mdFileID>{63728A64-44A9-40DA-93D8-1CC97B5E5277}</mdFileID><Esri><DataProperties><itemProps><itemName Sync="TRUE">PhiladelphiaStreetCenterlines201302</itemName><imsContentType Sync="TRUE">002</imsContentType><nativeExtBox><westBL Sync="TRUE">2660348.381632</westBL><eastBL Sync="TRUE">2749637.216123</eastBL><southBL Sync="TRUE">207097.928284</southBL><northBL Sync="TRUE">305128.727116</northBL><exTypeCode Sync="TRUE">1</exTypeCode></nativeExtBox><itemSize Sync="TRUE">3.939</itemSize><itemLocation><linkage Sync="TRUE">file://\\ALCES\D$\DATA\Philly\update2_4_13\Updates\PhiladelphiaStreetCenterlines201302\PhiladelphiaStreetCenterlines201302.shp</linkage><protocol Sync="TRUE">Local Area Network</protocol></itemLocation></itemProps><coordRef><type Sync="TRUE">Projected</type><geogcsn Sync="TRUE">GCS_North_American_1983</geogcsn><csUnits Sync="TRUE">Linear Unit: Foot_US (0.304801)</csUnits><projcsn Sync="TRUE">NAD_1983_StatePlane_Pennsylvania_South_FIPS_3702_Feet</projcsn><peXml Sync="TRUE">&lt;ProjectedCoordinateSystem xsi:type='typens:ProjectedCoordinateSystem' xmlns:xsi='http://www.w3.org/2001/XMLSchema-instance' xmlns:xs='http://www.w3.org/2001/XMLSchema' xmlns:typens='http://www.esri.com/schemas/ArcGIS/10.0'&gt;&lt;WKT&gt;PROJCS[&amp;quot;NAD_1983_StatePlane_Pennsylvania_South_FIPS_3702_Feet&amp;quot;,GEOGCS[&amp;quot;GCS_North_American_1983&amp;quot;,DATUM[&amp;quot;D_North_American_1983&amp;quot;,SPHEROID[&amp;quot;GRS_1980&amp;quot;,6378137.0,298.257222101]],PRIMEM[&amp;quot;Greenwich&amp;quot;,0.0],UNIT[&amp;quot;Degree&amp;quot;,0.0174532925199433]],PROJECTION[&amp;quot;Lambert_Conformal_Conic&amp;quot;],PARAMETER[&amp;quot;False_Easting&amp;quot;,1968500.0],PARAMETER[&amp;quot;False_Northing&amp;quot;,0.0],PARAMETER[&amp;quot;Central_Meridian&amp;quot;,-77.75],PARAMETER[&amp;quot;Standard_Parallel_1&amp;quot;,39.93333333333333],PARAMETER[&amp;quot;Standard_Parallel_2&amp;quot;,40.96666666666667],PARAMETER[&amp;quot;Latitude_Of_Origin&amp;quot;,39.33333333333334],UNIT[&amp;quot;Foot_US&amp;quot;,0.3048006096012192],AUTHORITY[&amp;quot;EPSG&amp;quot;,2272]]&lt;/WKT&gt;&lt;XOrigin&gt;-119214200&lt;/XOrigin&gt;&lt;YOrigin&gt;-96198500&lt;/YOrigin&gt;&lt;XYScale&gt;37163717.489134133&lt;/XYScale&gt;&lt;ZOrigin&gt;-100000&lt;/ZOrigin&gt;&lt;ZScale&gt;10000&lt;/ZScale&gt;&lt;MOrigin&gt;-100000&lt;/MOrigin&gt;&lt;MScale&gt;10000&lt;/MScale&gt;&lt;XYTolerance&gt;0.0032808333333333335&lt;/XYTolerance&gt;&lt;ZTolerance&gt;0.001&lt;/ZTolerance&gt;&lt;MTolerance&gt;0.001&lt;/MTolerance&gt;&lt;HighPrecision&gt;true&lt;/HighPrecision&gt;&lt;WKID&gt;2272&lt;/WKID&gt;&lt;/ProjectedCoordinateSystem&gt;</peXml></coordRef></DataProperties><SyncDate>20130206</SyncDate><SyncTime>09215100</SyncTime><ModDate>20130206</ModDate><ModTime>09215100</ModTime></Esri></metadata>
