<?xml version="1.0" encoding="UTF-8"?>
<metadata><idinfo><ptcontac><cntinfo><hours>9 am to 5 pm</hours><cntorgp><cntorg>City of Philadelphia - Streets Department</cntorg><cntper>Andy Mehos</cntper></cntorgp><cntaddr><addrtype>mailing and physical address</addrtype><address>880 MSB</address><city>Philadelphia</city><state>Pennsylvania</state><postal>19102</postal><country>United States</country></cntaddr><cntvoice>215-686-5186</cntvoice><cntpos>GIS Manager</cntpos><cntemail>andy.mehos@phila.gov</cntemail></cntinfo></ptcontac><descript><abstract>The street centerline represents streets and walkways dedicated to the city, some private streets and walkways, and additional segments not meeting either classification. All street segments lie generally within the boundaries of the City of Philadelphia. Each street segment has a unique identifier attribute.
Used citywide as base layer for many purposes/applications. The street centerline is available for reference purposes only and does not represent exact engineering specifiactions. The Philadelphia Streets Department makes no guarantees as to the accuracy of the layer. Features Updated: 11/29/2012 Attributes Updated: 11/29/2012 Metadata Updated: 01/14/2013 Update Frequency: every two months</abstract><purpose>Used citywide as base layer for many purposes/applications. The street centerline is available for reference purposes only and does not represent exact engineering specifiactions. The Philadelphia Streets Department makes no guarantees as to the accuracy of the layer. Features Updated: 11/29/2012 Attributes Updated: 11/29/2012 Metadata Updated: 01/14/2013 Update Frequency: every two months</purpose></descript><citation><citeinfo><pubinfo><publish>City of Philadelphia, Department of Streets</publish><pubplace>Philadelphia, Pennsylvania</pubplace></pubinfo><lworkcit><citeinfo><pubinfo><pubplace>Philadelphia, Pennsylvania</pubplace><publish>City of Philadelphia, Department of Streets</publish></pubinfo></citeinfo></lworkcit><onlink>http://www.pasda.psu.edu</onlink><origin>City of Philadelphia - Streets Department</origin><pubdate>201302</pubdate><title>Philadelphia street centerlines</title><geoform>vector digital data</geoform></citeinfo></citation><status><progress>Complete</progress><update>As needed</update></status><keywords><place><placekey>Philadelphia</placekey><placekey>Philly</placekey><placekey>South East PA</placekey><placekey>South East Pennsylvania</placekey><placekey>Southeastern PA</placekey><placekey>Southeastern Pennsylvania</placekey><placekey>Delaware Valley</placekey><placekey>Philadelphia County</placekey></place><theme><themekey>Transportation</themekey><themekt>ISO 19115 Topic Categories </themekt><themekey>Streets</themekey></theme></keywords><crossref><citeinfo><pubinfo/><lworkcit><citeinfo><pubinfo/></citeinfo></lworkcit></citeinfo></crossref><timeperd><timeinfo><sngdate><caldate>201302</caldate></sngdate></timeinfo><current>publication date</current></timeperd><useconst>The City of Philadelphia makes no representation about the accuracy of any specific information in this GIS data and is provided “as is” and without Warranty of any kind. Boundaries are self-reported. The user of this data will assume complete responsibility for any and all occurrences resulting from its use or display and will hold the City of Philadelphia harmless from any and all claims, demands, liabilities, obligations, damages, suits, judgments or settlements, including reasonable costs and attorneys' fees, that arise from use of this data.</useconst><secinfo/><spdom><bounding><westbc>-75.284702</westbc><eastbc>-74.955718</eastbc><northbc>40.144326</northbc><southbc>39.868841</southbc></bounding></spdom></idinfo><metainfo><metd>20130114</metd><metstdn>FGDC Content Standards for Digital Geospatial Metadata</metstdn><mettc>local time</mettc><metc><cntinfo><cntperp><cntper>Andy Mehos</cntper><cntorg>City of Philadelphia - Department of Streets</cntorg></cntperp><cntaddr><addrtype>mailing and physical address</addrtype><address>880 MSB</address><city>Philadelphia</city><state>Pennsylvania</state><postal>19102</postal><country>United States</country></cntaddr><cntvoice>215-686-5186</cntvoice><cntemail>andy.mehos@phila.gov</cntemail><hours>9 am to 5 pm</hours></cntinfo></metc><metsi/><metstdv>FGDC-STD-001-1998</metstdv></metainfo><mdDateSt>20110524</mdDateSt><distinfo><custom>See Standard Order Proces.</custom><distrib><cntinfo><cntperp><cntper>Andy Mehos,</cntper><cntorg>City of Philadelphia - Streets Department</cntorg></cntperp><cntvoice>215-686-5186</cntvoice><cntemail>andy.mehos@phila.gov</cntemail><cntaddr><addrtype>mailing address</addrtype><address>880 MSB</address><city>Philadelphia</city><state>Pennsylvania</state><postal>19102</postal><country>United States</country></cntaddr><hours>9 am to 5 pm</hours></cntinfo></distrib><distliab>The City of Philadelphia makes no warranty or representation, express or implied, with respect to the quality, content, accuracy, completeness, currency, freedom from computer virus, or non-infringement of proprietary rights, of any of the design, information, text, graphics, images, pages, interfaces, links, software, or other materials and items contained in this dataset.  All such items and materials are provided on an
"as is" basis, and you are fully and solely responsible for your use of them and for any results or consequences of your use.  They have been compiled from a variety of sources, including sources beyond the control of the City of Philadelphia and, and are subject to change without notice from the City of Philadelphia.  Commercial use is prohibited without the prior written permission of the City of Philadelphia.  In no event shall the City of Philadelphia or their agencies, officers, employees, agents, or representatives, be liable for any direct, indirect, special, punitive,
incidental, exemplary or consequential damages arising your accessing or using this data, or otherwise arising from the data or from anything contained in or displayed in this data.  Nothing contained in or displayed in this data constitutes or is intended to constitute legal advice by the City of Philadelphia or any of their agencies, officers, employees, agents or representatives. These terms and conditions and all disputes arising under these terms and conditions shall be governed, construed and decided in accordance with the laws of the Commonwealth of Pennsylvania. The City of Philadelphia reserves the right to revise and change these terms and conditions at anytime and without any notice.</distliab><stdorder><ordering>NOTE: Use this template as a guide to construct your letter requesting City of Philadelphia GIS data.  The letter must be on your organization's letterhead, signed by an officer of the corporation/organization, and must include all information requested below.  Please pay close attention to items in &lt;bold and underlined&gt; and provide data requested in &lt;brackets&gt;.  You will be asked to resubmit your request if all of the requested information is not included.  In the event that the requestor is a contractor using the requested data as part of a contract with the City of Philadelphia, request shall reference the City department for which the work is being done. Please direct your request to:

City of Philadelphia - MOIS
GIS Services Group
1234 Market St., 15th Floor
Philadelphia, PA  19107
Attn:  Brian Ivey
****************************

&lt;XYZ COMPANY&gt; is requesting a portion of the City of Philadelphia's GIS database &lt;IDENTIFY COVERAGES OR DATA LAYERS REQUESTED&gt; for use in &lt;PROJECT DESCRIPTION&gt; for &lt;DEPARTMENT/AGENCY NAME&gt;.  The target area is bounded by &lt;PROJECT BOUNDARIES&gt;.

&lt;XYZ COMPANY&gt; confirms that it will abide by the following conditions for use of this data.  &lt;XYZ COMPANY&gt; will use this database solely in connection with the project described above.  For the purpose of any data displayed on a public web site, &lt;XYZ COMPANY&gt; will remove any attribution from the data that will possibly identify it as being the City of Philadelphia.  The database will be deleted from any electronic storage media in possession of XYZ COMPANY at the completion of the project and the CD on which it is delivered will be returned to the Mayor's Office of Information Services.  Printed maps or reports of any kind displaying data from this database will be presented only to the participating &lt;NEIGHBORHOODS, CITY AGENCIES, PROJECT COMMITTEES, OTHERWISE APPROPRIATE RECEPIENTS&gt; and only in connection with this project. Display materials generated from this database will not be used on any other project nor for demo or promotional use even if the audience is a City agency unless &lt;XYZ COMPANY&gt; has obtained a prior written agreement from the Mayor's Office of Information Services.

&lt;XYZ Company&gt;will not re-distribute the data in digital format to anyone for any purpose. 

All persons associated with &lt;XYZ COMPANY&gt; with access to this database will be informed that it is the property of the City of Philadelphia and advised of the terms under which &lt;XYZ COMPANY&gt; has agreed to its use.   

This database was specified to be built according to National Map Accuracy Standards for 1:2400 scale maps, but &lt;XYZ COMPANY&gt; acknowledges that the City makes no representation about the accuracy of any specific information &lt;XYZ  COMPANY&gt; has requested.  &lt;XYZ COMPANY&gt; will assume complete responsibility for any and all occurrences resulting from &lt;XYZ COMPANY'S&gt; use or display of this database.

&lt;Signature by Officer of the Corporation/Organization&gt;
</ordering><fees>None, unless otherwise specified</fees><digform><digtinfo><transize>3.878</transize></digtinfo></digform></stdorder><availabl><timeinfo><sngdate><caldate>unknown</caldate><time>unknown</time></sngdate></timeinfo></availabl><resdesc>Downloadable Data. </resdesc><techpreq>ArcView, ArcInfo, or ArcGIS</techpreq></distinfo><spref><horizsys><geodetic><horizdn>North American Datum of 1983</horizdn><ellips>Geodetic Reference System 80</ellips><semiaxis>6378137.000000</semiaxis><denflat>298.257222</denflat></geodetic><planar><planci><plance>coordinate pair</plance><plandu>survey feet</plandu><coordrep><absres>0.000048</absres><ordres>0.000048</ordres></coordrep></planci><mapproj><mapprojn>Lambert Conformal Conic</mapprojn><lambertc><stdparll>39.933333</stdparll><stdparll>40.966667</stdparll><longcm>-77.750000</longcm><latprjo>39.333333</latprjo><feast>1968500.000000</feast><fnorth>0.000000</fnorth></lambertc></mapproj></planar></horizsys><vertdef><altsys><altenc>Explicit elevation coordinate included with horizontal coordinates</altenc><altres>1.000000</altres></altsys></vertdef></spref><distInfo><distributor><distorTran><onLineSrc><linkage>file://Service=sde:oracle10g; User=gis_streets; Version=SDE.DEFAULT</linkage><protocol>Local Area Network</protocol><orDesc>002</orDesc></onLineSrc><transSize>3.878</transSize></distorTran><distorFormat><formatName>SDE Feature Class</formatName></distorFormat></distributor></distInfo><dataqual><lineage><procstep><procdesc>Street centerline originated with the Philadlephia Planning Commision. They used the TIGER file, positionally rectified to the center 1/3rd of the cartway. The centerline is constantly updated from information from the streets department, various other city departments and field observations.</procdesc><date>20041020</date><time>14170100</time><proccont><cntinfo><cntperp><cntper>U.S. Grant Ervin</cntper><cntorg>City of Philadelphia, Department of Streets</cntorg></cntperp><cntaddr><addrtype>mailing and physical address</addrtype><address>1401 JFK Blvd</address><city>Philadelphia</city><state>Pennsylvania</state><postal>19102</postal><country>USA</country></cntaddr><cntvoice>215-686-5080</cntvoice><cntfax>215-686-5182</cntfax><cntemail>grant.ervin@phila.gov</cntemail><hours>9 am to 5 pm</hours><cntpos>GIS Manager</cntpos></cntinfo></proccont><procdate>1998</procdate></procstep><srcinfo><srccite><citeinfo><pubinfo><pubplace>Philadelphia, Pennsylvania</pubplace><publish>City of Philadelphia, Department of Streets</publish></pubinfo><lworkcit><citeinfo><pubinfo><pubplace>Philadelphia, Pennsylvania</pubplace><publish>City of Philadelphia, Department of Streets</publish></pubinfo></citeinfo></lworkcit></citeinfo></srccite><srctime><timeinfo><sngdate><caldate>20061002</caldate><time>unknown</time></sngdate></timeinfo><srccurr>20061002</srccurr></srctime><srccitea>US Census Department TIGER files</srccitea></srcinfo></lineage><attracc><attraccr>The street centerline is regarded as a highly accurate layer. Though spatial and attribute accuracy of the layer is improving constantly, no guarantees can be made on on its accuracy. It is to be used for reference purposes only.</attraccr></attracc></dataqual><eainfo><detailed><enttyp><enttypl>PhiladelphiaStreetCenterlines201302</enttypl></enttyp><attr><attrlabl>Shape</attrlabl><attrdef>Feature geometry.</attrdef><attrdefs>ESRI</attrdefs><attrdomv><udom>Coordinates defining the features.</udom></attrdomv></attr><attr><attrlabl>FNODE_</attrlabl><attrdef>Node_id of node at "from" end of arc</attrdef></attr><attr><attrlabl>TNODE_</attrlabl><attrdef>Node_id of node at "to" end of arc</attrdef></attr><attr><attrlabl>LPOLY_</attrlabl></attr><attr><attrlabl>RPOLY_</attrlabl></attr><attr><attrlabl>LENGTH</attrlabl><attrdef>Length of arc in feet</attrdef></attr><attr><attrlabl>STCL2_</attrlabl><attrdef>System-assigned attribute</attrdef></attr><attr><attrlabl>STCL2_ID</attrlabl><attrdef>System-assigned attribute</attrdef></attr><attr><attrlabl>PRE_DIR</attrlabl><attrdef>Directional prefix of complete street name</attrdef></attr><attr><attrlabl>ST_NAME</attrlabl><attrdef>Street name</attrdef></attr><attr><attrlabl>ST_TYPE</attrlabl><attrdef>Street type designation</attrdef></attr><attr><attrlabl>SUF_DIR</attrlabl><attrdef>Directional suffix of complete street name</attrdef></attr><attr><attrlabl>ZIP_LEFT</attrlabl><attrdef>Zip code on left side of arc</attrdef></attr><attr><attrlabl>ZIP_RIGHT</attrlabl><attrdef>Zip code on right side of arc</attrdef></attr><attr><attrlabl>L_F_ADD</attrlabl><attrdef>"From" address attribute on left side of arc</attrdef></attr><attr><attrlabl>L_T_ADD</attrlabl><attrdef>"To" address attribute on left side of arc</attrdef></attr><attr><attrlabl>R_F_ADD</attrlabl><attrdef>"From" address attribute on right side of arc</attrdef></attr><attr><attrlabl>R_T_ADD</attrlabl><attrdef>"To" address attribute on right side of arc</attrdef></attr><attr><attrlabl>ST_CODE</attrlabl><attrdef>street code</attrdef></attr><attr><attrlabl>L_HUNDRED</attrlabl><attrdef>address hundred block on left side of arc</attrdef></attr><attr><attrlabl>R_HUNDRED</attrlabl><attrdef>address hundred block on right side of arc</attrdef></attr><attr><attrlabl>SEG_ID</attrlabl><attrdef>unique identifier of arc</attrdef></attr><attr><attrlabl>ONEWAY</attrlabl><attrdef>Denotes travel direction of arc in conjunction with arc direction</attrdef></attr><attr><attrlabl>STNAME</attrlabl><attrdef>Concatenated field consisting of Pre_dir, St_name, St_type, Suf_dir items</attrdef></attr><attr><attrlabl>CLASS</attrlabl><attrdef>Street class of arc; 1-Expressways; 2-Major Arterial; 3-Minor Arterial; 4-Collector; 5-Local</attrdef></attr><attr><attrlabl>RESPONSIBL</attrlabl><attrdef>Responsibility of street arc</attrdef></attr><attr><attrlabl>NEWSEGDATE</attrlabl><attrdef>Date that seg_id value was assigned, if not original value</attrdef><attrdefs>ESRI</attrdefs><attrdomv><udom>Sequential unique whole numbers that are automatically generated.</udom></attrdomv></attr><attr><attrlabl>OBJECTID</attrlabl><attrdef>Internal feature number.</attrdef><attrdefs>ESRI</attrdefs><attrdomv><udom>Sequential unique whole numbers that are automatically generated.</udom></attrdomv></attr><attr><attrlabl>UPDATE_</attrlabl></attr><attr><attrlabl>MULTI_REP</attrlabl><attrdef>Multiple representations-arc count for streets represented by multiple arcs </attrdef><attrdefs>ESRI</attrdefs><attrdomv><udom>Coordinates defining the features.</udom></attrdomv></attr><attr><attrlabl>SHAPE</attrlabl><attrdef>Feature geometry.</attrdef><attrdefs>ESRI</attrdefs><attrdomv><udom>Coordinates defining the features.</udom></attrdomv></attr><attr><attrlabl>SHAPE.LEN</attrlabl></attr></detailed><overview><eaover>Key Attribute Fields:

PRE_DIR-Directional prefix of complete street name 

ST_NAME-Street name 

ST_TYPE-Street type designation 

SUF_DIR-Directional suffix of complete street name 

ZIP_LEFT-Zip code on left side of arc 

ZIP_RIGHT-Zip code on right side of arc 

L_F_ADD-"From" address attribute on left side of arc 

L_T_ADD-"To" address attribute on left side of arc 

R_F_ADD-"From" address attribute on right side of arc 

R_T_ADD-"To" address attribute on right side of arc 

ST_CODE-street code 

L_HUNDRED-address hundred block on left side of arc 

R_HUNDRED-address hundred block on right side of arc 

SEG_ID-unique identifier of arc 

ONEWAY-Denotes travel direction of arc in conjunction with arc direction 

STNAME-Concatenated field consisting of Pre_dir, St_name, St_type, Suf_dir items 

CLASS-Street class of arc; 1-Expressways; 2-Major Arterial; 3-Minor Arterial; 4-Collector; 5-Local 

RESPONSIBL-Responsibility of street arc 

</eaover></overview></eainfo><dataIdInfo><envirDesc>Microsoft Windows XP Version 5.1 (Build 2600) Service Pack 3; ESRI ArcCatalog 9.3.1.4000</envirDesc><dataLang><languageCode value="en"/></dataLang><idCitation><resTitle>GIS_STREETS.Street_Centerline</resTitle><presForm><PresFormCd value="005"/></presForm></idCitation><spatRpType><SpatRepTypCd value="001"/></spatRpType><dataExt><geoEle><GeoBndBox esriExtentType="native"><westBL>2660348.381632</westBL><eastBL>2749637.216123</eastBL><northBL>305128.727116</northBL><southBL>207388.869684</southBL><exTypeCode>1</exTypeCode></GeoBndBox></geoEle></dataExt><geoBox esriExtentType="decdegrees"><westBL>-75.284702</westBL><eastBL>-74.955718</eastBL><northBL>40.144326</northBL><southBL>39.868841</southBL><exTypeCode>1</exTypeCode></geoBox></dataIdInfo><mdLang><languageCode value="en"/></mdLang><mdStanName>ISO 19115 Geographic Information - Metadata</mdStanName><mdStanVer>DIS_ESRI1.0</mdStanVer><mdChar><CharSetCd value="004"/></mdChar><mdHrLv><ScopeCd value="005"/></mdHrLv><mdHrLvName>dataset</mdHrLvName><spdoinfo><direct>Vector</direct><ptvctinf><sdtsterm><sdtstype>String</sdtstype><ptvctcnt>40807</ptvctcnt></sdtsterm></ptvctinf></spdoinfo><refSysInfo><RefSystem><refSysID><identCode>NAD_1983_StatePlane_Pennsylvania_South_FIPS_3702_Feet</identCode></refSysID></RefSystem></refSysInfo><spatRepInfo><VectSpatRep><topLvl><TopoLevCd value="001"/></topLvl><geometObjs><geoObjTyp><GeoObjTypCd value="001"/></geoObjTyp><geoObjCnt>40807</geoObjCnt></geometObjs></VectSpatRep></spatRepInfo><mdFileID>{63728A64-44A9-40DA-93D8-1CC97B5E5277}</mdFileID><distinfo><distrib><cntinfo><cntperp><cntorg>Pennsylvania Spatial Data Access (PASDA) </cntorg></cntperp><cntaddr><addrtype>mailing address</addrtype><address>115 Land and Water Building</address><city>University Park</city><state>Pennsylvania</state><postal>16802</postal><country>United States</country></cntaddr><cntvoice>(814) 865 8792</cntvoice><cntemail>pasda@psu.edu </cntemail></cntinfo></distrib><distliab>The USER shall indemnify, save harmless, and, if requested, defend those parties involved with the development and distribution of this data, their officers, agents, and employees from and against any suits, claims, or actions for injury, death, or property damage arising out of the use of or any defect in the FILES or any accompanying documentation. Those parties involved with the development and distribution excluded any and all implied warranties, including warranties or merchantability and fitness for a particular purpose and makes no warranty or representation, either express or implied, with respect to the FILES or accompanying documentation, including its quality, performance, merchantability, or fitness for a particular purpose. The FILES and documentation are provided "as is" and the USER assumes the entire risk as to its quality and performance. Those parties involved with the development and distribution of this data will not be liable for any direct, indirect, special, incidental, or consequential damages arising out of the use or inability to use the FILES or any accompanying documentation.</distliab></distinfo></metadata>
