<?xml version="1.0"?>
<metadata xml:lang="en"><idinfo><native>Microsoft Windows XP Version 5.1 (Build 2600) Service Pack 3; ESRI ArcCatalog 9.3.1.1850</native><descript><abstract>SchoolFacil_points consists of points features representing a school building or a closesly related facility, such as a swimming pool or an athletic field.  All SchoolFacil_points are located within a polygon belonging to the SchoolFacil_pars feature class.</abstract><purpose>The feature class has been much revised at this time in order to assist the Streets Department with its efforts at extending its program of signage and crosswalks at school perimeters.  Accordingly,  many new points have been added: charter schools,  many private schools, public school annexes and fields/athetic facilities that are on a different parcel that the school itself. The location of the point within the parcel is based on the Water Departments Building_footprints.  If there are two schools within the parcel, the Sanborn atlases were used to determine which point to locate on which building-footprint</purpose></descript><citation><citeinfo><origin>Philadelphia City Planning Commission</origin><pubdate>2004</pubdate><title>GIS_PLANNING.School_Facilities</title><geoform>vector digital data</geoform><onlink>Server=geodb2; Service=esri_sde; User=gis_planning; Version=SDE.DEFAULT</onlink><edition>1</edition><pubinfo><pubplace>Philadelphia</pubplace><publish>Philadelphia City Planning Commission</publish></pubinfo></citeinfo></citation><timeperd><current>publication date</current><timeinfo><sngdate><caldate>2004</caldate></sngdate></timeinfo></timeperd><status><progress>Complete</progress><update>Annually.  Enrollment numbers will change every academic year; other attributes will change less frequently.  Addition of new features to the database will be made as they are brought to the attention of the Planning Commission.</update></status><spdom><bounding><westbc>-75.270816</westbc><eastbc>-74.969325</eastbc><northbc>40.135286</northbc><southbc>39.889986</southbc></bounding></spdom><keywords><theme><themekt>Philadelphia City Planning Commission</themekt><themekey>Public Schools</themekey><themekey>Parochial Schools</themekey><themekey>Catholic Schools</themekey><themekey>Charter Schools</themekey><themekey>Private Schools</themekey><themekey>School District of Philadelphia</themekey><themekey>Archdiocesan Schools</themekey></theme></keywords><accconst>City of Philadelphia employees and those granted permission</accconst><useconst>None</useconst><ptcontac><cntinfo><cntperp><cntper>Jim Green</cntper><cntorg>Philadelphia City Planning Commission</cntorg></cntperp><cntpos>GIS Specialist</cntpos><cntaddr><addrtype>mailing and physical address</addrtype><address>1515 Arch Street, 13th Floor</address><city>Philadelphia </city><state>PA</state><postal>19102</postal><country>USA</country></cntaddr><cntvoice>215.683.4614</cntvoice><cntfax>215.683.4630</cntfax><cntemail>jim.green@phila.gov</cntemail><hours>8:00 am to 5:30 pm</hours></cntinfo></ptcontac><crossref><citeinfo><origin>Philadelphia City Planning Commission</origin><pubdate>2004</pubdate><title>PLANNING.SchoolFacil_points</title><edition>1</edition><pubinfo><pubplace>Philadelphia</pubplace><publish>Philadelphia City Planning Commission</publish></pubinfo></citeinfo></crossref><secinfo><secsys>No security considerations</secsys><secclass>Unclassified</secclass></secinfo></idinfo><dataIdInfo><envirDesc>Microsoft Windows XP Version 5.1 (Build 2600) Service Pack 3; ESRI ArcCatalog 9.3.1.1850</envirDesc><dataLang><languageCode value="en"/></dataLang><idCitation><resTitle>GIS_PLANNING.School_Facilities</resTitle><presForm><PresFormCd value="005"/></presForm></idCitation><spatRpType><SpatRepTypCd value="001"/></spatRpType><dataExt><geoEle><GeoBndBox esriExtentType="native"><westBL>2664034.350394</westBL><eastBL>2745931.253281</eastBL><northBL>301937.828084</northBL><southBL>214979.127297</southBL><exTypeCode>1</exTypeCode></GeoBndBox></geoEle></dataExt><geoBox esriExtentType="decdegrees"><westBL>-75.270816</westBL><eastBL>-74.969325</eastBL><northBL>40.135286</northBL><southBL>39.889986</southBL><exTypeCode>1</exTypeCode></geoBox></dataIdInfo><metainfo><metstdn>FGDC Content Standards for Digital Geospatial Metadata</metstdn><metstdv>FGDC-STD-001-1998</metstdv><mettc>local time</mettc><metc><cntinfo><cntaddr><addrtype>mailing and physical address</addrtype><city>Philadelphia</city><state>PA</state><postal>19102</postal><address>1515 Arch Street, 13th Floor</address><country>USA</country></cntaddr><cntvoice>215.683.4614</cntvoice><cntperp><cntper>Jim Green</cntper><cntorg>Philadelphia City Planning Commission</cntorg></cntperp><cntpos>GIS Specialist</cntpos><cntfax>215.683.4630</cntfax><cntemail>jim.green@phila.gov</cntemail><hours>8:00 am to 5:30 pm</hours></cntinfo></metc><metd>20090113</metd></metainfo><mdLang><languageCode value="en"/></mdLang><mdStanName>ISO 19115 Geographic Information - Metadata</mdStanName><mdStanVer>DIS_ESRI1.0</mdStanVer><mdChar><CharSetCd value="004"/></mdChar><mdHrLv><ScopeCd value="005"/></mdHrLv><mdHrLvName>dataset</mdHrLvName><distinfo><resdesc>Downloadable Data</resdesc><distrib><cntinfo><cntperp><cntper>Brian Ivey</cntper><cntorg>MOIS-GIS Services Group</cntorg></cntperp><cntpos>GIS Specialist</cntpos><cntaddr><addrtype>mailing address</addrtype><address>1234 Market Street, 15th Floor</address><city>Philadelphia</city><state>PA</state><postal>19102</postal><country>USA</country></cntaddr><cntvoice>215.686.8287</cntvoice><cntfax>215.686.8143</cntfax><cntemail>brian.ivey@phila.gov</cntemail><hours>9 am to 5 pm</hours></cntinfo></distrib><distliab>The City of Philadelphia makes no warranty or representation, express or implied, with respect to the quality, content, accuracy, completeness, currency, freedom from computer virus, or non-infringement of proprietary rights, of any of the design, information, text, graphics, images, pages, interfaces, links, software, or other materials and items contained in this dataset. All such items and materials are provided on an "as is" basis, and you are fully and solely responsible for your use of them and for any results or consequences of your use. They have been compiled from a variety of sources, including sources beyond the control of the City of Philadelphia and, and are subject to change without notice from the City of Philadelphia. Commercial use is prohibited without the prior written permission of the City of Philadelphia. In no event shall the City of Philadelphia or their agencies, officers, employees, agents, or representatives, be liable for any direct, indirect, special, punitive, incidental, exemplary or consequential damages arising your accessing or using this data, or otherwise arising from the data or from anything contained in or displayed in this data. Nothing contained in or displayed in this data constitutes or is intended to constitute legal advice by the City of Philadelphia or any of their agencies, officers, employees, agents or representatives. These terms and conditions and all disputes arising under these terms and conditions shall be governed, construed and decided in accordance with the laws of the Commonwealth of Pennsylvania. The City of Philadelphia reserves the right to revise and change these terms and conditions at anytime and without any notice. 
</distliab><stdorder><ordering>NOTE: Use this template as a guide to construct your letter requesting City of Philadelphia GIS data. The letter must be on your organization's letterhead, signed by an officer of the corporation/organization, and must include all information requested below. Please pay close attention to items in &lt;bold and underlined&gt; and provide data requested in &lt;brackets&gt;. You will be asked to resubmit your request if all of the requested information is not included. In the event that the requestor is a contractor using the requested data as part of a contract with the City of Philadelphia, request shall reference the City department for which the work is being done. Please direct your request to: City of Philadelphia - MOIS GIS Services Group 1234 Market St., 15th Floor Philadelphia, PA 19107 Attn: Brian Ivey **************************** 
&lt;XYZ COMPANY&gt; is requesting a portion of the City of Philadelphia's GIS database &lt;IDENTIFY COVERAGES OR DATA LAYERS REQUESTED&gt; for use in &lt;PROJECT DESCRIPTION&gt; for &lt;DEPARTMENT/AGENCY NAME&gt;. The target area is bounded by &lt;PROJECT BOUNDARIES&gt;. 

&lt;XYZ COMPANY&gt; confirms that it will abide by the following conditions for use of this data. &lt;XYZ COMPANY&gt; will use this database solely in connection with the project described above. For the purpose of any data displayed on a public web site, &lt;XYZ COMPANY&gt; will remove any attribution from the data that will possibly identify it as being the City of Philadelphia. The database will be deleted from any electronic storage media in possession of XYZ COMPANY at the completion of the project and the CD on which it is delivered will be returned to the Mayor's Office of Information Services. Printed maps or reports of any kind displaying data from this database will be presented only to the participating &lt;NEIGHBORHOODS, CITY AGENCIES, PROJECT COMMITTEES, OTHERWISE APPROPRIATE RECEPIENTS&gt; and only in connection with this project. Display materials generated from this database will not be used on any other project nor for demo or promotional use even if the audience is a City agency unless &lt;XYZ COMPANY&gt; has obtained a prior written agreement from the Mayor's Office of Information Services. 

&lt;XYZ Company&gt;will not re-distribute the data in digital format to anyone for any purpose. 

All persons associated with &lt;XYZ COMPANY&gt; with access to this database will be informed that it is the property of the City of Philadelphia and advised of the terms under which &lt;XYZ COMPANY&gt; has agreed to its use. 

This database was specified to be built according to National Map Accuracy Standards for 1:2400 scale maps, but &lt;XYZ COMPANY&gt; acknowledges that the City makes no representation about the accuracy of any specific information &lt;XYZ COMPANY&gt; has requested. &lt;XYZ COMPANY&gt; will assume complete responsibility for any and all occurrences resulting from &lt;XYZ COMPANY'S&gt; use or display of this database. 

&lt;Signature by Officer of the Corporation/Organization&gt; 

</ordering></stdorder></distinfo><distInfo><distributor><distorTran><onLineSrc><orDesc>002</orDesc><linkage>Server=geodb2; Service=esri_sde; User=gis_planning; Version=SDE.DEFAULT</linkage><protocol>ArcSDE Connection</protocol></onLineSrc></distorTran><distorFormat><formatName>SDE Feature Class</formatName></distorFormat></distributor></distInfo><spdoinfo><direct>Vector</direct><ptvctinf><sdtsterm><sdtstype>Entity point</sdtstype><ptvctcnt>641</ptvctcnt></sdtsterm></ptvctinf></spdoinfo><spref><horizsys><planar><planci><plance>coordinate pair</plance><plandu>survey feet</plandu><coordrep><absres>0.003281</absres><ordres>0.003281</ordres></coordrep></planci><mapproj><mapprojn>Lambert Conformal Conic</mapprojn><lambertc><stdparll>39.933333</stdparll><stdparll>40.966667</stdparll><longcm>-77.750000</longcm><latprjo>39.333333</latprjo><feast>1968500.000000</feast><fnorth>0.000000</fnorth></lambertc></mapproj></planar><geodetic><horizdn>North American Datum of 1983</horizdn><ellips>Geodetic Reference System 80</ellips><semiaxis>6378137.000000</semiaxis><denflat>298.257222</denflat></geodetic></horizsys><vertdef><altsys><altenc>Explicit elevation coordinate included with horizontal coordinates</altenc><altres>1.000000</altres></altsys></vertdef></spref><refSysInfo><RefSystem><refSysID><identCode>NAD_1983_StatePlane_Pennsylvania_South_FIPS_3702_Feet</identCode></refSysID></RefSystem></refSysInfo><spatRepInfo><VectSpatRep><topLvl><TopoLevCd value="001"/></topLvl><geometObjs><geoObjTyp><GeoObjTypCd value="004"/></geoObjTyp><geoObjCnt>641</geoObjCnt></geometObjs></VectSpatRep></spatRepInfo><eainfo><detailed><enttyp><enttypl>GIS_PLANNING.School_Facilities</enttypl></enttyp><attr><attrlabl>OBJECTID</attrlabl><attrdef>Internal feature number.</attrdef><attrdefs>ESRI</attrdefs><attrdomv><udom>Sequential unique whole numbers that are automatically generated.</udom></attrdomv></attr><attr><attrlabl>FACIL_ID</attrlabl><attrdef>Null</attrdef><attrdefs>ESRI</attrdefs><attrdomv><udom>Coordinates defining the features.</udom></attrdomv></attr><attr><attrlabl>INSTIT_ID</attrlabl><attrdef>Null</attrdef></attr><attr><attrlabl>FACIL_NAME</attrlabl><attrdef>Facility Name</attrdef></attr><attr><attrlabl>FACIL_ADDRESS</attrlabl><attrdef>Facility Address</attrdef></attr><attr><attrlabl>GRADE_LEVEL</attrlabl><attrdef>Grade Levels served at Institution</attrdef></attr><attr><attrlabl>GRADE_ORG</attrlabl><attrdef>Null</attrdef></attr><attr><attrlabl>FACIL_TELEPHONE</attrlabl><attrdef>Telephone Number at Facility</attrdef></attr><attr><attrlabl>ZIPCODE</attrlabl><attrdef>Zip Code Number</attrdef></attr><attr><attrlabl>TENCODE</attrlabl><attrdef>Parcel Tencode</attrdef></attr><attr><attrlabl>ST_CODE</attrlabl><attrdef>Street Code</attrdef></attr><attr><attrlabl>FACIL_TYPE</attrlabl><attrdef>Type of Facility</attrdef></attr><attr><attrlabl>INSTIT_TYPE</attrlabl><attrdef>Type of Institution</attrdef></attr><attr><attrlabl>ENROLLMENT</attrlabl><attrdef>Total number of students enrolled</attrdef></attr><attr><attrlabl>ACTIVE</attrlabl><attrdef>Active or Inactive</attrdef></attr><attr><attrlabl>SHAPE</attrlabl><attrdef>Feature geometry.</attrdef><attrdefs>ESRI</attrdefs><attrdomv><udom>Coordinates defining the features.</udom></attrdomv></attr><attr><attrlabl>Facil_id</attrlabl><attrdef>Facility Identification Number</attrdef></attr><attr><attrlabl>Instit_id</attrlabl><attrdef>Institution identification number</attrdef></attr><attr><attrlabl>Facil_name</attrlabl><attrdef>School District and Charter School names were provided by the School District of Philadelphia.  All other names were obtained from the PA Department of Education. </attrdef><attrdefs>phila.k12.pa.us;  </attrdefs></attr><attr><attrlabl>Facil_address</attrlabl><attrdef>Facility Address</attrdef></attr><attr><attrlabl>Grade_level</attrlabl><attrdef>Grade Levels Served</attrdef></attr><attr><attrlabl>Grade_org</attrlabl><attrdef>Null</attrdef></attr><attr><attrlabl>Facil_telephone</attrlabl><attrdef>Telephone Number at Facility</attrdef></attr><attr><attrlabl>Zipcode</attrlabl><attrdef>Zip Code  Number</attrdef></attr><attr><attrlabl>Tencode</attrlabl><attrdef>Parcel Tencode</attrdef></attr><attr><attrlabl>St_code</attrlabl><attrdef>Street Code</attrdef></attr><attr><attrlabl>Facil_type</attrlabl><attrdef>Type of Facility</attrdef></attr><attr><attrlabl>Instit_type</attrlabl><attrdef>Type of Institution</attrdef></attr><attr><attrlabl>Enrollment</attrlabl><attrdef>Total number of students enrolled</attrdef></attr><attr><attrlabl>Active</attrlabl><attrdef>Active or Inactive </attrdef></attr></detailed><detailed><enttyp><enttypl>GIS_PLANNING.Parcels_Pts_byTencode_1</enttypl></enttyp></detailed><overview><eaover>Administrative and geographic attributes for school facilities parcels in Philadelphia</eaover></overview></eainfo><mdDateSt>20090113</mdDateSt><dataqual><lineage><procstep><procdesc>Dataset copied.</procdesc><srcused>\\51-JGREEN\E\all_purpose\sch_gdb\schools_04_.mdb</srcused><date>20050120</date><time>15200100</time><proccont><cntinfo><cntperp><cntper>Jim Green</cntper><cntorg>Philadelphia City Planning Commission</cntorg></cntperp><cntpos>GIS Specialist</cntpos><cntaddr><addrtype>mailing and physical address</addrtype><address>1515 Arch Street, 13th Floor</address><city>Philadelphia</city><state>PA</state><postal>19102</postal><country>USA</country></cntaddr><cntvoice>215.683.4614</cntvoice><cntfax>215.683.4630</cntfax><cntemail>jim.green@phila.gov</cntemail><hours>8:00 am to 5:30 pm</hours></cntinfo></proccont></procstep><procstep><procdesc>Dataset copied.</procdesc><srcused>\\51-JGREEN\E\all_purpose\sch_gdb\Newschools_04_.mdb</srcused><date>20050121</date><time>15462200</time></procstep><srcinfo><srccite><citeinfo><origin>Philadelphia City Planning Commission</origin><pubdate>2004</pubdate><title>PLANNING.SchoolFacil_points</title><edition>1</edition><pubinfo><pubplace>Philadelphia</pubplace><publish>Philadelphia City Planning Commission</publish></pubinfo></citeinfo></srccite><srctime><timeinfo><sngdate><caldate>2004</caldate></sngdate></timeinfo><srccurr>publication date</srccurr></srctime></srcinfo><procstep><procdesc>Dataset copied.</procdesc><srcused>Server=mercator; Service=esri_sde; User=planning; Version=SDE.DEFAULT</srcused><date>20050825</date><time>09453300</time></procstep><procstep><procdesc>Dataset copied.</procdesc><srcused>Server=mercator; Service=esri_sde; User=planning; Version=SDE.DEFAULT</srcused><date>20050825</date><time>14493400</time></procstep></lineage><attracc><attraccr>The attributes were checked by individual school facility point for accuracy</attraccr></attracc><logic>Polygon topology exists</logic><complete>Includes all identified features in Philadelphia</complete></dataqual></metadata>
